{"i":1000,"val_loss_history":[1.9276109573453],"val_loss_history_it":[1000],"forward_backward_times":{},"opt":{"max_epochs":50,"checkpoint_every":1000,"batch_size":50,"memory_benchmark":0,"init_from":"","grad_clip":5,"model_type":"lstm","lr_decay_every":5,"print_every":1,"wordvec_size":64,"seq_length":50,"input_json":"data\/trump_tweets.json","num_layers":2,"input_h5":"data\/trump_tweets.h5","reset_iterations":1,"rnn_size":128,"dropout":0,"checkpoint_name":"cv\/checkpoint","batchnorm":0,"learning_rate":0.002,"speed_benchmark":0,"gpu_backend":"cuda","lr_decay_factor":0.5,"gpu":-1},"train_loss_history":[4.546245098114,4.4557571411133,4.3313407897949,4.1316637992859,3.9216876029968,3.7823805809021,3.6408405303955,3.5779030323029,3.5493059158325,3.4226675033569,3.4562816619873,3.449342250824,3.4731893539429,3.4568312168121,3.4131972789764,3.3421981334686,3.4326598644257,3.4662597179413,3.3429753780365,3.354199886322,3.3711602687836,3.380478143692,3.3768405914307,3.3939647674561,3.3642418384552,3.4340543746948,3.3751995563507,3.346387386322,3.4022641181946,3.3706328868866,3.3264808654785,3.3227367401123,3.3563296794891,3.3762323856354,3.347953081131,3.3343007564545,3.3591320514679,3.3850238323212,3.3463332653046,3.34494972229,3.332115650177,3.3559398651123,3.339551448822,3.331184387207,3.3031702041626,3.3035633563995,3.2041053771973,3.2986340522766,3.2967655658722,3.1989963054657,3.3114964962006,3.1415026187897,3.1902804374695,3.150915145874,3.1978921890259,3.2538316249847,3.2308466434479,3.1641643047333,3.1981914043427,3.199812412262,3.1897754669189,3.1207752227783,3.0577867031097,3.0936090946198,3.0993731021881,3.0505774021149,3.0948069095612,3.049857378006,2.994163274765,2.9918427467346,3.0265929698944,3.0372507572174,3.0202567577362,2.9150991439819,2.9509088993073,2.9155306816101,3.0375368595123,2.9918649196625,2.9583432674408,2.8818883895874,2.9659397602081,2.8949053287506,2.926842212677,2.8275413513184,2.8730499744415,2.923691034317,2.8174059391022,2.9075498580933,2.8408226966858,2.8234648704529,2.8569498062134,2.7858009338379,2.9014375209808,2.8532228469849,2.8460304737091,2.8823068141937,2.8501484394073,2.7768173217773,2.8031270503998,2.7600507736206,2.7650101184845,2.7910423278809,2.715149641037,2.7632133960724,2.76185297966,2.7686252593994,2.7361385822296,2.7389764785767,2.753265619278,2.7950508594513,2.7455370426178,2.69544506073,2.6251995563507,2.7581996917725,2.6384391784668,2.6875293254852,2.6616106033325,2.7093262672424,2.6939718723297,2.6199934482574,2.620671749115,2.687451839447,2.6261172294617,2.6993465423584,2.5519316196442,2.6828856468201,2.614933013916,2.7287890911102,2.6091504096985,2.6373319625854,2.6140072345734,2.6269373893738,2.5119295120239,2.5842583179474,2.5469133853912,2.5013291835785,2.6056900024414,2.6463921070099,2.5756542682648,2.5934960842133,2.6249001026154,2.506409406662,2.5682518482208,2.5617251396179,2.4968326091766,2.5738165378571,2.4935612678528,2.6289539337158,2.5653417110443,2.5292682647705,2.4944100379944,2.5689795017242,2.4921264648438,2.6226229667664,2.5288898944855,2.497921705246,2.5427122116089,2.5336308479309,2.5022733211517,2.4850590229034,2.5324060916901,2.4092376232147,2.5267159938812,2.4679245948792,2.5342750549316,2.5118761062622,2.4759018421173,2.4769940376282,2.4522974491119,2.4865629673004,2.4619417190552,2.4282503128052,2.3542714118958,2.3930697441101,2.5049779415131,2.436901807785,2.4679367542267,2.4529201984406,2.3657352924347,2.4982953071594,2.4608075618744,2.4919471740723,2.3820044994354,2.4647376537323,2.4605362415314,2.4255666732788,2.4104609489441,2.3478972911835,2.4071156978607,2.3541929721832,2.3910036087036,2.3957540988922,2.3990085124969,2.4427876472473,2.3901169300079,2.3375940322876,2.4625909328461,2.3312423229218,2.3781979084015,2.3082175254822,2.401148557663,2.4120819568634,2.2921607494354,2.3167154788971,2.3524188995361,2.3111908435822,2.3795254230499,2.4862143993378,2.3925271034241,2.2898700237274,2.349310874939,2.3185052871704,2.2816605567932,2.3515245914459,2.3812739849091,2.2902796268463,2.2836856842041,2.3045194149017,2.3292577266693,2.2690370082855,2.3038053512573,2.2614090442657,2.257159948349,2.290864944458,2.3586483001709,2.2915186882019,2.3518490791321,2.2752649784088,2.2436566352844,2.3853600025177,2.2833423614502,2.3296897411346,2.281063079834,2.1992363929749,2.2988901138306,2.249115228653,2.2087800502777,2.2623248100281,2.385927438736,2.2924993038177,2.3266005516052,2.2948150634766,2.2939157485962,2.2908399105072,2.3508079051971,2.3068594932556,2.2992255687714,2.2246005535126,2.3392295837402,2.35622215271,2.3034207820892,2.3221204280853,2.3218383789062,2.3343684673309,2.2611637115479,2.1952872276306,2.2351155281067,2.2970516681671,2.1642763614655,2.3045210838318,2.2578940391541,2.2831528186798,2.2067992687225,2.1908462047577,2.200501203537,2.3144478797913,2.2349498271942,2.2672581672668,2.2222020626068,2.2521255016327,2.2502408027649,2.1923801898956,2.2649304866791,2.3276741504669,2.1972901821136,2.3588905334473,2.2888140678406,2.2819895744324,2.2318704128265,2.2852227687836,2.2375745773315,2.2973675727844,2.2936358451843,2.3682699203491,2.2870440483093,2.2726876735687,2.2006270885468,2.2433471679688,2.1809620857239,2.2371752262115,2.2834618091583,2.2186260223389,2.2241635322571,2.2782406806946,2.1930465698242,2.2424745559692,2.2062401771545,2.1817145347595,2.2558975219727,2.2357375621796,2.214937210083,2.2279615402222,2.1777560710907,2.2419729232788,2.1860814094543,2.2406594753265,2.2135512828827,2.1718301773071,2.2143523693085,2.1920268535614,2.2335786819458,2.1734101772308,2.1609997749329,2.2298624515533,2.2364332675934,2.147376537323,2.1910593509674,2.2636921405792,2.167640209198,2.1353628635406,2.2478559017181,2.194876909256,2.1896238327026,2.2038512229919,2.0962257385254,2.06503033638,2.1795079708099,2.1361117362976,2.1611800193787,2.0663981437683,2.194616317749,2.1252160072327,2.1298875808716,2.1089997291565,2.1923093795776,2.1533596515656,2.1915535926819,2.1210536956787,2.0202252864838,2.1210532188416,2.1468946933746,2.13121509552,2.2097818851471,2.0699801445007,2.1631157398224,2.0892770290375,2.1693058013916,2.0393695831299,2.1595396995544,2.2223339080811,2.1580321788788,2.2779972553253,2.1224412918091,2.1007792949677,2.2479119300842,2.1758940219879,2.1582891941071,2.1908621788025,2.2092328071594,2.1258430480957,2.1910676956177,2.128301858902,2.0947279930115,2.1015968322754,2.1821758747101,2.1677312850952,2.1831030845642,2.1279101371765,2.1109344959259,2.1354951858521,2.0557553768158,2.1193368434906,2.1298158168793,2.1034626960754,2.1188538074493,2.160407781601,2.0908942222595,2.1256952285767,2.1202433109283,2.1341347694397,2.1033265590668,2.0303087234497,2.1411156654358,1.9845986366272,2.0940256118774,2.1604571342468,2.1606523990631,2.0862667560577,2.0947508811951,2.2096514701843,2.152693271637,2.1392214298248,2.2010810375214,2.1349055767059,2.1206481456757,2.0483865737915,2.0309567451477,2.0982120037079,2.1881766319275,2.1270887851715,2.1414203643799,2.0953960418701,2.0677018165588,2.0270850658417,2.1396565437317,2.0804781913757,1.9491633176804,2.1159889698029,2.0929107666016,2.0047671794891,2.0596313476562,1.9988847970963,2.0811014175415,2.1125707626343,2.0489528179169,2.2101418972015,2.0882227420807,2.0575478076935,2.1130928993225,2.0633809566498,2.0776944160461,2.0363066196442,1.9956372976303,2.0700833797455,2.0688111782074,2.173864364624,2.109715461731,2.0339374542236,2.1045973300934,2.1067469120026,2.107640504837,2.1046752929688,2.0562736988068,2.0674362182617,2.0627536773682,2.1083407402039,2.123733997345,2.1246116161346,2.0625333786011,2.0674936771393,1.9952648878098,2.0583038330078,2.0200045108795,2.0501682758331,2.1929082870483,2.099413394928,1.9927154779434,2.116203546524,2.09539103508,2.0980682373047,2.1131665706635,2.088903427124,2.0920178890228,2.0862340927124,2.0348989963531,2.0459418296814,2.1132233142853,2.1466791629791,2.0445332527161,2.0352115631104,2.029979467392,2.0354180335999,1.9939453601837,2.0614070892334,2.0033462047577,