{"i":1000,"val_loss_history":[1.9163750074804],"val_loss_history_it":[1000],"forward_backward_times":{},"opt":{"max_epochs":50,"checkpoint_every":1000,"batch_size":50,"memory_benchmark":0,"init_from":"","grad_clip":5,"model_type":"lstm","lr_decay_every":5,"print_every":1,"wordvec_size":64,"seq_length":50,"input_json":"data\/trump_tweets.json","num_layers":2,"input_h5":"data\/trump_tweets.h5","reset_iterations":1,"rnn_size":128,"dropout":0,"checkpoint_name":"cv\/checkpoint","batchnorm":0,"learning_rate":0.002,"speed_benchmark":0,"gpu_backend":"cuda","lr_decay_factor":0.5,"gpu":-1},"train_loss_history":[4.5288219451904,4.4173474311829,4.2555561065674,4.0214309692383,3.8762311935425,3.6836469173431,3.596709728241,3.4902954101562,3.5025043487549,3.4838678836823,3.5183703899384,3.5706300735474,3.4855551719666,3.5201187133789,3.4304895401001,3.4895539283752,3.3923065662384,3.3905422687531,3.3241167068481,3.3811366558075,3.3326077461243,3.3673198223114,3.3963303565979,3.4274425506592,3.3828718662262,3.3735227584839,3.4343121051788,3.3664503097534,3.3652226924896,3.3725523948669,3.3667175769806,3.3877625465393,3.2682642936707,3.392213344574,3.3493633270264,3.382917881012,3.3788516521454,3.3486480712891,3.2580938339233,3.3063452243805,3.2339282035828,3.3372657299042,3.2158832550049,3.2725911140442,3.2541258335114,3.2255713939667,3.2770373821259,3.249657869339,3.2136287689209,3.1855521202087,3.1409382820129,3.1395194530487,3.151086807251,3.1809451580048,3.133810043335,3.1683595180511,3.1149582862854,3.0545284748077,3.1139979362488,3.0810179710388,3.0602884292603,3.0674405097961,3.1114904880524,3.0128347873688,3.0421779155731,3.05766248703,3.0172650814056,2.9639477729797,3.046751499176,2.9605278968811,3.0056433677673,2.9590935707092,2.9547674655914,2.9599702358246,2.9035499095917,2.9372835159302,2.9213361740112,2.9463901519775,2.8454701900482,2.874255657196,2.8868880271912,2.871324300766,2.8605153560638,2.8844187259674,2.7926154136658,2.9310395717621,2.8691034317017,2.812796831131,2.8665659427643,2.7915878295898,2.8014018535614,2.8676202297211,2.7195703983307,2.7831633090973,2.7380397319794,2.7220158576965,2.7495360374451,2.7156572341919,2.7257030010223,2.714793920517,2.7185714244843,2.7085294723511,2.7029247283936,2.7011337280273,2.6456725597382,2.6988599300385,2.6851763725281,2.6321837902069,2.6196005344391,2.6971321105957,2.7013261318207,2.6098253726959,2.6326026916504,2.673660993576,2.6360659599304,2.6168305873871,2.6571671962738,2.6117656230927,2.5683038234711,2.5645096302032,2.6524705886841,2.6245489120483,2.6391541957855,2.5723140239716,2.6250598430634,2.7076189517975,2.562465429306,2.5864889621735,2.5876550674438,2.6147277355194,2.6176826953888,2.5290215015411,2.5749442577362,2.6138229370117,2.5844299793243,2.5002326965332,2.536669254303,2.5884628295898,2.484436750412,2.5245568752289,2.4427137374878,2.5180847644806,2.4939877986908,2.4968874454498,2.5265860557556,2.4908139705658,2.4863903522491,2.5300190448761,2.5785245895386,2.4864981174469,2.4890792369843,2.5563180446625,2.6100287437439,2.4735548496246,2.5309991836548,2.539605140686,2.4644467830658,2.4559180736542,2.4893517494202,2.4757480621338,2.4414978027344,2.4750437736511,2.4689514636993,2.4611828327179,2.468878030777,2.4304563999176,2.4994223117828,2.4564819335938,2.4601180553436,2.4293787479401,2.3989946842194,2.3953845500946,2.3784987926483,2.4674034118652,2.409615278244,2.4414176940918,2.4670975208282,2.4833190441132,2.4535131454468,2.4466409683228,2.4074711799622,2.3562390804291,2.3303558826447,2.3932161331177,2.4550461769104,2.3428254127502,2.3170309066772,2.3173780441284,2.4047224521637,2.2893860340118,2.3627233505249,2.402449131012,2.3451581001282,2.324784040451,2.2958600521088,2.3238523006439,2.2210426330566,2.4015514850616,2.3852634429932,2.3247544765472,2.2693500518799,2.3140561580658,2.3760116100311,2.2941374778748,2.2438368797302,2.3744163513184,2.2321112155914,2.2838776111603,2.2829766273499,2.2828342914581,2.3126699924469,2.2908315658569,2.3512299060822,2.4184975624084,2.3640387058258,2.374915599823,2.3826153278351,2.3380625247955,2.2723751068115,2.3268592357635,2.3112916946411,2.2994089126587,2.3598721027374,2.2679951190948,2.3422572612762,2.3249897956848,2.3323683738708,2.2712829113007,2.3003621101379,2.322655916214,2.366916179657,2.2865242958069,2.2907638549805,2.2821950912476,2.2532844543457,2.249520778656,2.332911491394,2.2677516937256,2.3531286716461,2.3483595848083,2.3296768665314,2.2816815376282,2.3166320323944,2.2704229354858,2.3062717914581,2.3439648151398,2.2729697227478,2.2825167179108,2.2820076942444,2.3618364334106,2.2846350669861,2.3378045558929,2.3469758033752,2.3306076526642,2.278715133667,2.2864534854889,2.2779304981232,2.3193397521973,2.3137903213501,2.3209009170532,2.2038962841034,2.2604639530182,2.1973969936371,2.2476682662964,2.2843699455261,2.1884815692902,2.2874536514282,2.3383865356445,2.2306711673737,2.2347309589386,2.3437948226929,2.3608291149139,2.3050439357758,2.2600092887878,2.2904186248779,2.2477467060089,2.243462562561,2.1798944473267,2.243016242981,2.2709407806396,2.253481388092,2.2185883522034,2.2656157016754,2.215669631958,2.1669120788574,2.202766418457,2.1600768566132,2.2177240848541,2.2723672389984,2.1926889419556,2.1693062782288,2.1974878311157,2.1948895454407,2.233181476593,2.1880443096161,2.2174272537231,2.1660151481628,2.253547668457,2.1566736698151,2.1723980903625,2.1593203544617,2.0633041858673,2.1758835315704,2.1339809894562,2.1807599067688,2.2117278575897,2.2035810947418,2.1358337402344,2.1383492946625,2.1014444828033,2.148056268692,2.1241710186005,2.2453372478485,2.179217338562,2.0792787075043,2.2533569335938,2.124685049057,2.2578029632568,2.196638584137,2.1538555622101,2.1847932338715,2.2231020927429,2.2206964492798,2.0714099407196,2.1620709896088,2.1487085819244,2.1274926662445,2.1466434001923,2.1928091049194,2.1721284389496,2.1606166362762,2.1562628746033,2.1516582965851,2.2015817165375,2.1681234836578,2.1864836215973,2.1416516304016,2.0866024494171,2.1792452335358,2.0718395709991,2.2700619697571,2.2045428752899,2.1847913265228,2.1331770420074,2.1393482685089,2.1549565792084,2.2144904136658,2.1601114273071,2.1895468235016,2.066220998764,2.1227929592133,2.1505506038666,2.092306137085,2.2254767417908,2.1714844703674,2.2160415649414,2.1056337356567,2.1917855739594,2.1348476409912,2.1705718040466,2.1697363853455,2.1572782993317,2.1305315494537,2.0330595970154,2.1476039886475,2.1535866260529,2.1228454113007,2.1266794204712,2.0902104377747,2.0873930454254,2.1234183311462,2.0553524494171,2.106791973114,2.0537896156311,2.0927717685699,2.0985174179077,2.1107401847839,2.1091556549072,2.1010811328888,2.0314590930939,2.0542578697205,2.1077556610107,2.0620958805084,2.0950982570648,2.1636729240417,2.1485595703125,2.1136898994446,2.1207270622253,2.1589517593384,2.1615815162659,1.9980120658875,2.0196273326874,2.0949156284332,2.0850412845612,2.0877850055695,2.2116003036499,2.0943627357483,2.046514749527,2.1095309257507,2.1201102733612,2.1106567382812,2.0730636119843,2.2022612094879,2.1391952037811,2.1292102336884,2.0908255577087,2.0974962711334,2.1497483253479,2.0785038471222,2.1141135692596,2.2191958427429,2.1390180587769,2.179906129837,2.0987205505371,2.0428297519684,2.1171188354492,2.14679479599,2.0868437290192,2.0542113780975,2.0663363933563,2.0101826190948,2.109893321991,2.0749440193176,2.0776264667511,2.036515712738,2.0938451290131,2.01162981987,2.149774312973,2.0807800292969,2.0048496723175,2.0221982002258,2.0498344898224,2.0943114757538,2.0691668987274,2.056006193161,2.135867357254,2.1560127735138,2.0002145767212,2.1588540077209,2.1139936447144,2.1289830207825,1.9569240808487,2.1253402233124,2.1224405765533,2.086772441864,2.1128418445587,1.991866350174,2.1114408969879,1.9941810369492,2.0447945594788,1.9906678199768,2.108318567276,2.0051028728485,2.0067627429962,2.0629274845123,2.1218249797821,1.9616156816483,2.0443532466888,1.9996554851532,2.0450587272644,2.0288209915161,2.0546982288361,2.1152451038361,2.0529823303223,2.0251500606537,