{"i":1000,"val_loss_history":[1.3176522827148],"val_loss_history_it":[1000],"forward_backward_times":{},"opt":{"max_epochs":50,"checkpoint_every":1000,"batch_size":50,"memory_benchmark":0,"init_from":"","grad_clip":5,"model_type":"lstm","lr_decay_every":5,"print_every":1,"wordvec_size":64,"seq_length":50,"input_json":"data\/trump_speeches.json","num_layers":3,"input_h5":"data\/trump_speeches.h5","reset_iterations":1,"rnn_size":256,"dropout":0,"checkpoint_name":"cv\/checkpoint","batchnorm":0,"learning_rate":0.002,"speed_benchmark":0,"gpu_backend":"cuda","lr_decay_factor":0.5,"gpu":-1},"train_loss_history":[4.4683485031128,4.24329662323,3.7546632289886,3.4574120044708,3.2562346458435,3.2105014324188,3.1690142154694,3.1430315971375,3.1886358261108,3.1600639820099,3.1845500469208,3.1455643177032,3.1358797550201,3.151385307312,3.1217837333679,3.1272599697113,3.1440327167511,3.1848261356354,3.145233631134,3.149795293808,3.1167318820953,3.1080935001373,3.0877604484558,3.1436460018158,3.162339925766,3.111722946167,3.1413724422455,3.0885660648346,3.1092066764832,3.1129932403564,3.0718243122101,3.0698266029358,3.0705842971802,3.0827300548553,3.1273608207703,3.088308095932,3.1165308952332,3.1225981712341,3.1038250923157,3.1382954120636,3.1356067657471,3.0709676742554,3.1109437942505,3.1189467906952,3.1039600372314,3.1094398498535,3.0902397632599,3.0717821121216,3.0514061450958,3.0053803920746,3.0410041809082,3.0157101154327,3.0294785499573,3.0272765159607,2.9797694683075,3.014716386795,3.012274980545,3.0212666988373,2.9810860157013,2.9635722637177,2.9391288757324,2.9122924804688,2.9450304508209,2.916200876236,2.8950655460358,2.9057304859161,2.9393830299377,2.9121282100677,2.9006972312927,2.930499792099,2.8444201946259,2.897775888443,2.8983814716339,2.8702688217163,2.8728151321411,2.891580581665,2.8252744674683,2.8098132610321,2.8273861408234,2.8452441692352,2.8317451477051,2.7661573886871,2.8171699047089,2.8038318157196,2.8301086425781,2.798113822937,2.7833895683289,2.8356592655182,2.8861668109894,2.7862796783447,2.8139259815216,2.7996561527252,2.8124186992645,2.7764594554901,2.7175347805023,2.7588651180267,2.7623541355133,2.7295904159546,2.7685379981995,2.7689781188965,2.7637596130371,2.7386798858643,2.7494614124298,2.7443797588348,2.6814095973969,2.712171792984,2.6860845088959,2.7165353298187,2.6655185222626,2.6130590438843,2.7008414268494,2.6857585906982,2.6042127609253,2.6420993804932,2.6434504985809,2.6201732158661,2.5949687957764,2.596916437149,2.6276261806488,2.5662429332733,2.6339108943939,2.523544549942,2.5247747898102,2.5668079853058,2.5593547821045,2.5214736461639,2.51722240448,2.5447442531586,2.5603659152985,2.5186183452606,2.5007741451263,2.5219438076019,2.4405307769775,2.4778075218201,2.5071263313293,2.5172965526581,2.5069131851196,2.4565608501434,2.5071604251862,2.4477641582489,2.4565727710724,2.469268321991,2.4534757137299,2.452027797699,2.4261317253113,2.411815404892,2.3795852661133,2.3772361278534,2.3809189796448,2.4053716659546,2.4260830879211,2.4166653156281,2.3576006889343,2.3811674118042,2.3913640975952,2.3543999195099,2.3753547668457,2.4034030437469,2.3173658847809,2.345184803009,2.395308971405,2.3367779254913,2.2906424999237,2.3641817569733,2.2403569221497,2.2781164646149,2.2478106021881,2.260101556778,2.285861492157,2.2748010158539,2.268158197403,2.3001959323883,2.269214630127,2.2313306331635,2.2539527416229,2.2184913158417,2.3147287368774,2.2208988666534,2.2619068622589,2.3035523891449,2.3177723884583,2.2542579174042,2.206125497818,2.2062447071075,2.2185168266296,2.1872205734253,2.2422394752502,2.2708530426025,2.2243802547455,2.193044424057,2.1933615207672,2.1646797657013,2.1887269020081,2.1756381988525,2.1824882030487,2.1179313659668,2.1462905406952,2.1580181121826,2.1347839832306,2.1294553279877,2.1302857398987,2.1426899433136,2.1599490642548,2.1251571178436,2.1153028011322,2.0910620689392,2.0681512355804,2.1477079391479,2.0620148181915,2.0354454517365,2.0845503807068,2.1176784038544,2.141838312149,2.1399326324463,2.1646308898926,2.139829158783,2.1640765666962,2.108715057373,2.0983664989471,2.0075674057007,2.0746474266052,2.0212957859039,2.0361080169678,2.0317931175232,2.0666871070862,2.0740442276001,2.0933952331543,2.0043334960938,2.0332057476044,1.9673312902451,1.9806933403015,2.0221753120422,2.0361311435699,1.9986863136292,1.9967849254608,2.0197846889496,1.972846865654,2.0211842060089,1.9907201528549,2.0226447582245,1.9245451688766,2.0096230506897,1.9541866779327,1.9757649898529,1.9848846197128,1.9857296943665,2.0225353240967,1.9435607194901,1.9667096138,1.938564658165,2.0130598545074,1.9742769002914,1.9203554391861,2.0040605068207,1.88525390625,1.9218789339066,1.888519525528,1.8987302780151,1.8768459558487,1.9252198934555,1.9702748060226,1.9374752044678,1.9240701198578,1.9300549030304,1.9390110969543,1.9193112850189,1.914878487587,1.8819814920425,1.9013255834579,1.8872774839401,1.9337691068649,1.9048343896866,1.9166613817215,1.8741797208786,1.973792552948,1.9276144504547,1.9506098031998,1.9260416030884,1.9365259408951,1.8478667736053,1.8204039335251,1.8387150764465,1.8697347640991,1.8361687660217,1.8297483921051,1.8323748111725,1.8420505523682,1.8556574583054,1.8216890096664,1.872866153717,1.8581861257553,1.9763343334198,1.8771947622299,1.8458248376846,1.8207919597626,1.8056383132935,1.8024798631668,1.7760229110718,1.8231106996536,1.7799404859543,1.8426052331924,1.7963815927505,1.8131587505341,1.7928779125214,1.7773877382278,1.8271309137344,1.8692758083344,1.8442667722702,1.8160926103592,1.7817828655243,1.9100452661514,1.7912380695343,1.8103700876236,1.7541353702545,1.7797729969025,1.7546509504318,1.7704080343246,1.7774759531021,1.7010226249695,1.7064615488052,1.6974506378174,1.7572058439255,1.7302718162537,1.7067363262177,1.6873905658722,1.7409728765488,1.7716425657272,1.7647707462311,1.6717964410782,1.6938275098801,1.7601660490036,1.7431242465973,1.7522073984146,1.6239175796509,1.6489298343658,1.7268892526627,1.7306730747223,1.7271863222122,1.7597270011902,1.7424306869507,1.7311296463013,1.6644238233566,1.6362422704697,1.749630689621,1.7164925336838,1.6749118566513,1.7902908325195,1.7676793336868,1.6854468584061,1.7388980388641,1.7670356035233,1.7168207168579,1.6788556575775,1.6733092069626,1.6931376457214,1.6602569818497,1.6725697517395,1.6809564828873,1.70141518116,1.7173585891724,1.6637822389603,1.7351660728455,1.6979390382767,1.706599354744,1.6640422344208,1.6615452766418,1.653519153595,1.6875629425049,1.6628152132034,1.6266331672668,1.6833564043045,1.6160199642181,1.5909421443939,1.6458250284195,1.6802636384964,1.645854473114,1.6866317987442,1.6248869895935,1.6096621751785,1.6687191724777,1.6751654148102,1.6665695905685,1.6113202571869,1.638787150383,1.618577003479,1.6167086362839,1.6456204652786,1.6349606513977,1.5637024641037,1.6368757486343,1.5828520059586,1.636579990387,1.6776068210602,1.6523911952972,1.6164873838425,1.613692522049,1.6357070207596,1.6398388147354,1.5347450971603,1.729194521904,1.6459562778473,1.5603511333466,1.5684279203415,1.5657383203506,1.6044465303421,1.5771033763885,1.6093341112137,1.6459835767746,1.6496300697327,1.6652207374573,1.6397351026535,1.5922260284424,1.666538476944,1.6259562969208,1.5963872671127,1.6768082380295,1.6296811103821,1.7598699331284,1.6823700666428,1.678750038147,1.6331157684326,1.6402361392975,1.5808862447739,1.623330950737,1.6208362579346,1.5769768953323,1.6118210554123,1.5694326162338,1.6276164054871,1.5806622505188,1.5858280658722,1.634073138237,1.571802854538,1.5558214187622,1.5249582529068,1.5864459276199,1.5273939371109,1.5898926258087,1.6191710233688,1.6121504306793,1.6015743017197,1.5610185861588,1.6530296802521,1.7082824707031,1.6233719587326,1.6006566286087,1.5569308996201,1.6191246509552,1.6208981275558,1.5303047895432,1.5509765148163,1.5760246515274,1.5367987155914,1.5342026948929,1.5308922529221,1.6030206680298,1.6427556276321,1.5718921422958,1.575432062149,1.5530980825424,1.5048085451126,1.5036602020264,1.5155667066574,1.5990878343582,1.5097522735596,